{"IcoMoonType":"selection","icons":[{"icon":{"paths":["M741.714 755.429c0 14.286-5.714 28.571-16 38.857l-77.714 77.714c-10.286 10.286-24.571 16-38.857 16s-28.571-5.714-38.857-16l-168-168-168 168c-10.286 10.286-24.571 16-38.857 16s-28.571-5.714-38.857-16l-77.714-77.714c-10.286-10.286-16-24.571-16-38.857s5.714-28.571 16-38.857l168-168-168-168c-10.286-10.286-16-24.571-16-38.857s5.714-28.571 16-38.857l77.714-77.714c10.286-10.286 24.571-16 38.857-16s28.571 5.714 38.857 16l168 168 168-168c10.286-10.286 24.571-16 38.857-16s28.571 5.714 38.857 16l77.714 77.714c10.286 10.286 16 24.571 16 38.857s-5.714 28.571-16 38.857l-168 168 168 168c10.286 10.286 16 24.571 16 38.857z"],"width":804.5714285714286,"attrs":[],"isMulticolor":false,"isMulticolor2":false,"tags":["close","remove","times"],"defaultCode":61453,"grid":14},"attrs":[],"properties":{"name":"close","id":17,"order":3,"prevSize":28,"code":61453},"setIdx":0,"setId":3,"iconIdx":17},{"icon":{"paths":["M548.571 384c90.857 0 164.571 73.714 164.571 164.571s-73.714 164.571-164.571 164.571-164.571-73.714-164.571-164.571 73.714-164.571 164.571-164.571zM950.857 146.286c80.571 0 146.286 65.714 146.286 146.286v512c0 80.571-65.714 146.286-146.286 146.286h-804.571c-80.571 0-146.286-65.714-146.286-146.286v-512c0-80.571 65.714-146.286 146.286-146.286h128l29.143-77.714c14.286-37.714 58.857-68.571 98.857-68.571h292.571c40 0 84.571 30.857 98.857 68.571l29.143 77.714h128zM548.571 804.571c141.143 0 256-114.857 256-256s-114.857-256-256-256-256 114.857-256 256 114.857 256 256 256z"],"width":1097.142857142857,"attrs":[],"isMulticolor":false,"isMulticolor2":false,"tags":["camera"],"defaultCode":61488,"grid":14},"attrs":[],"properties":{"name":"camera","id":0,"order":20,"prevSize":28,"code":61488},"setIdx":1,"setId":2,"iconIdx":0},{"icon":{"paths":["M438.857 365.714c0-80.571-65.714-146.286-146.286-146.286s-146.286 65.714-146.286 146.286 65.714 146.286 146.286 146.286 146.286-65.714 146.286-146.286zM585.143 365.714c0 34.857-4 70.857-18.857 102.286l-208 442.286c-12 25.143-38.286 40.571-65.714 40.571s-53.714-15.429-65.143-40.571l-208.571-442.286c-14.857-31.429-18.857-67.429-18.857-102.286 0-161.714 130.857-292.571 292.571-292.571s292.571 130.857 292.571 292.571z"],"width":585.1428571428571,"attrs":[],"isMulticolor":false,"isMulticolor2":false,"tags":["map-marker"],"defaultCode":61505,"grid":14},"attrs":[],"properties":{"name":"location","id":1,"order":18,"prevSize":28,"code":61505},"setIdx":1,"setId":2,"iconIdx":1},{"icon":{"paths":["M507.429 676.571l66.286-66.286-86.857-86.857-66.286 66.286v32h54.857v54.857h32zM758.857 265.143c-5.143-5.143-13.714-4.571-18.857 0.571l-200 200c-5.143 5.143-5.714 13.714-0.571 18.857s13.714 4.571 18.857-0.571l200-200c5.143-5.143 5.714-13.714 0.571-18.857zM804.571 604.571v108.571c0 90.857-73.714 164.571-164.571 164.571h-475.429c-90.857 0-164.571-73.714-164.571-164.571v-475.429c0-90.857 73.714-164.571 164.571-164.571h475.429c22.857 0 45.714 4.571 66.857 14.286 5.143 2.286 9.143 7.429 10.286 13.143 1.143 6.286-0.571 12-5.143 16.571l-28 28c-5.143 5.143-12 6.857-18.286 4.571-8.571-2.286-17.143-3.429-25.714-3.429h-475.429c-50.286 0-91.429 41.143-91.429 91.429v475.429c0 50.286 41.143 91.429 91.429 91.429h475.429c50.286 0 91.429-41.143 91.429-91.429v-72c0-4.571 1.714-9.143 5.143-12.571l36.571-36.571c5.714-5.714 13.143-6.857 20-4s11.429 9.143 11.429 16.571zM749.714 182.857l164.571 164.571-384 384h-164.571v-164.571zM1003.429 258.286l-52.571 52.571-164.571-164.571 52.571-52.571c21.143-21.143 56.571-21.143 77.714 0l86.857 86.857c21.143 21.143 21.143 56.571 0 77.714z"],"width":1024.5851428571427,"attrs":[],"isMulticolor":false,"isMulticolor2":false,"tags":["edit","pencil-square-o"],"defaultCode":61508,"grid":14},"attrs":[],"properties":{"name":"edit","id":2,"order":16,"prevSize":28,"code":61508},"setIdx":1,"setId":2,"iconIdx":2},{"icon":{"paths":["M365.714 512v292.571h-146.286v-292.571h146.286zM585.143 219.429v585.143h-146.286v-585.143h146.286zM1170.286 877.714v73.143h-1170.286v-877.714h73.143v804.571h1097.143zM804.571 365.714v438.857h-146.286v-438.857h146.286zM1024 146.286v658.286h-146.286v-658.286h146.286z"],"width":1170.2857142857142,"attrs":[],"isMulticolor":false,"isMulticolor2":false,"tags":["bar-chart","bar-chart-o"],"defaultCode":61568,"grid":14},"attrs":[],"properties":{"name":"chart","id":3,"order":14,"prevSize":28,"code":61568},"setIdx":1,"setId":2,"iconIdx":3},{"icon":{"paths":["M804.571 708.571c0 20.571-9.143 60.571-17.714 79.429-12 28-44 46.286-69.714 60.571-33.714 18.286-68 29.143-106.286 29.143-53.143 0-101.143-21.714-149.714-39.429-34.857-12.571-68.571-28-100-47.429-97.143-60-214.286-177.143-274.286-274.286-19.429-31.429-34.857-65.143-47.429-100-17.714-48.571-39.429-96.571-39.429-149.714 0-38.286 10.857-72.571 29.143-106.286 14.286-25.714 32.571-57.714 60.571-69.714 18.857-8.571 58.857-17.714 79.429-17.714 4 0 8 0 12 1.714 12 4 24.571 32 30.286 43.429 18.286 32.571 36 65.714 54.857 97.714 9.143 14.857 26.286 33.143 26.286 50.857 0 34.857-103.429 85.714-103.429 116.571 0 15.429 14.286 35.429 22.286 49.143 57.714 104 129.714 176 233.714 233.714 13.714 8 33.714 22.286 49.143 22.286 30.857 0 81.714-103.429 116.571-103.429 17.714 0 36 17.143 50.857 26.286 32 18.857 65.143 36.571 97.714 54.857 11.429 5.714 39.429 18.286 43.429 30.286 1.714 4 1.714 8 1.714 12z"],"width":804.5714285714286,"attrs":[],"isMulticolor":false,"isMulticolor2":false,"tags":["phone"],"defaultCode":61589,"grid":14},"attrs":[],"properties":{"name":"phone","id":4,"order":17,"prevSize":28,"code":61589},"setIdx":1,"setId":2,"iconIdx":4},{"icon":{"paths":["M877.714 768v73.143c0 20-16.571 36.571-36.571 36.571h-804.571c-20 0-36.571-16.571-36.571-36.571v-73.143c0-20 16.571-36.571 36.571-36.571h804.571c20 0 36.571 16.571 36.571 36.571zM877.714 475.429v73.143c0 20-16.571 36.571-36.571 36.571h-804.571c-20 0-36.571-16.571-36.571-36.571v-73.143c0-20 16.571-36.571 36.571-36.571h804.571c20 0 36.571 16.571 36.571 36.571zM877.714 182.857v73.143c0 20-16.571 36.571-36.571 36.571h-804.571c-20 0-36.571-16.571-36.571-36.571v-73.143c0-20 16.571-36.571 36.571-36.571h804.571c20 0 36.571 16.571 36.571 36.571z"],"width":877.7142857142857,"attrs":[],"isMulticolor":false,"isMulticolor2":false,"tags":["bars","navicon","reorder"],"defaultCode":61641,"grid":14},"attrs":[],"properties":{"name":"hamburger","id":5,"order":23,"prevSize":28,"code":61641},"setIdx":1,"setId":2,"iconIdx":5},{"icon":{"paths":["M1024 405.714v453.714c0 50.286-41.143 91.429-91.429 91.429h-841.143c-50.286 0-91.429-41.143-91.429-91.429v-453.714c17.143 18.857 36.571 35.429 57.714 49.714 94.857 64.571 190.857 129.143 284 197.143 48 35.429 107.429 78.857 169.714 78.857h1.143c62.286 0 121.714-43.429 169.714-78.857 93.143-67.429 189.143-132.571 284.571-197.143 20.571-14.286 40-30.857 57.143-49.714zM1024 237.714c0 64-47.429 121.714-97.714 156.571-89.143 61.714-178.857 123.429-267.429 185.714-37.143 25.714-100 78.286-146.286 78.286h-1.143c-46.286 0-109.143-52.571-146.286-78.286-88.571-62.286-178.286-124-266.857-185.714-40.571-27.429-98.286-92-98.286-144 0-56 30.286-104 91.429-104h841.143c49.714 0 91.429 41.143 91.429 91.429z"],"width":1024,"attrs":[],"isMulticolor":false,"isMulticolor2":false,"tags":["envelope"],"defaultCode":61664,"grid":14},"attrs":[],"properties":{"name":"envelope","id":6,"order":24,"prevSize":28,"code":61664},"setIdx":1,"setId":2,